,Chennai,Coimbatore,Dindigul,Erode,Madurai,Nagercoil,Salem,Thanjavur,Thoothukkudi,Tiruchirappalli,Tirunelveli,Vellore
Chennai,0.0,0.0,0.0,0.0,0.0,0.0,0.5023541500618991,0.49259919471897495,0.0,0.43683564020252647,0.0,0.8719540880233865
Coimbatore,0.0,0.0,0.8567006629940176,0.9303056558468015,0.76141826688322,0.0,0.823613760575458,0.0,0.0,0.0,0.0,0.0
Dindigul,0.0,0.8567006629940176,0.0,0.8949964127172265,0.9770127698400459,0.5765021234995094,0.8287496354582947,0.849284211847048,0.7547721650212383,0.9260104045419281,0.7400596909624957,0.0
Erode,0.0,0.9303056558468015,0.8949964127172265,0.0,0.0,0.0,0.9698390402314779,0.0,0.0,0.8734081803062093,0.0,0.6193750763235977
Madurai,0.0,0.76141826688322,0.9770127698400459,0.0,0.0,0.6819570945706359,0.0,0.8268080108367287,0.8633915544988056,0.889008590157232,0.8404213180088356,0.0
Nagercoil,0.0,0.0,0.5765021234995094,0.0,0.6819570945706359,0.0,0.0,0.0,0.9140969256135346,0.0,0.9584419432343595,0.0
Salem,0.5023541500618991,0.823613760575458,0.8287496354582947,0.9698390402314779,0.0,0.0,0.0,0.8294688889745407,0.0,0.8905552429338451,0.0,0.7618036544180454
Thanjavur,0.49259919471897495,0.0,0.849284211847048,0.0,0.8268080108367287,0.0,0.8294688889745407,0.0,0.0,0.9804706479178655,0.0,0.6101258125098136
Thoothukkudi,0.0,0.0,0.7547721650212383,0.0,0.8633915544988056,0.9140969256135346,0.0,0.0,0.0,0.0,0.9846270822876189,0.0
Tiruchirappalli,0.43683564020252647,0.0,0.9260104045419281,0.8734081803062093,0.889008590157232,0.0,0.8905552429338451,0.9804706479178655,0.0,0.0,0.0,0.0
Tirunelveli,0.0,0.0,0.7400596909624957,0.0,0.8404213180088356,0.9584419432343595,0.0,0.0,0.9846270822876189,0.0,0.0,0.0
Vellore,0.8719540880233865,0.0,0.0,0.6193750763235977,0.0,0.0,0.7618036544180454,0.6101258125098136,0.0,0.0,0.0,0.0
