graph,src,tgt,weight
Geographic,Chennai,Salem,0.5024
Geographic,Chennai,Thanjavur,0.4926
Geographic,Chennai,Tiruchirappalli,0.4368
Geographic,Chennai,Vellore,0.872
Geographic,Coimbatore,Dindigul,0.8567
Geographic,Coimbatore,Erode,0.9303
Geographic,Coimbatore,Madurai,0.7614
Geographic,Coimbatore,Salem,0.8236
Geographic,Dindigul,Erode,0.895
Geographic,Dindigul,Madurai,0.977
Geographic,Dindigul,Nagercoil,0.5765
Geographic,Dindigul,Salem,0.8287
Geographic,Dindigul,Thanjavur,0.8493
Geographic,Dindigul,Thoothukkudi,0.7548
Geographic,Dindigul,Tiruchirappalli,0.926
Geographic,Dindigul,Tirunelveli,0.7401
Geographic,Erode,Salem,0.9698
Geographic,Erode,Tiruchirappalli,0.8734
Geographic,Erode,Vellore,0.6194
Geographic,Madurai,Nagercoil,0.682
Geographic,Madurai,Thanjavur,0.8268
Geographic,Madurai,Thoothukkudi,0.8634
Geographic,Madurai,Tiruchirappalli,0.889
Geographic,Madurai,Tirunelveli,0.8404
Geographic,Nagercoil,Thoothukkudi,0.9141
Geographic,Nagercoil,Tirunelveli,0.9584
Geographic,Salem,Thanjavur,0.8295
Geographic,Salem,Tiruchirappalli,0.8906
Geographic,Salem,Vellore,0.7618
Geographic,Thanjavur,Tiruchirappalli,0.9805
Geographic,Thanjavur,Vellore,0.6101
Geographic,Thoothukkudi,Tirunelveli,0.9846
Correlation,Chennai,Thanjavur,0.386
Correlation,Chennai,Tiruchirappalli,0.302
Correlation,Chennai,Vellore,0.4668
Correlation,Coimbatore,Erode,0.5487
Correlation,Coimbatore,Madurai,0.4239
Correlation,Coimbatore,Nagercoil,0.6315
Correlation,Coimbatore,Thanjavur,0.5108
Correlation,Coimbatore,Thoothukkudi,0.4038
Correlation,Coimbatore,Tiruchirappalli,0.5778
Correlation,Coimbatore,Tirunelveli,0.4685
Correlation,Coimbatore,Vellore,0.4944
Correlation,Dindigul,Erode,0.3764
Correlation,Dindigul,Madurai,0.3831
Correlation,Dindigul,Salem,0.4383
Correlation,Dindigul,Thanjavur,0.3207
Correlation,Dindigul,Thoothukkudi,0.3972
Correlation,Dindigul,Tiruchirappalli,0.3183
Correlation,Dindigul,Tirunelveli,0.4486
Correlation,Dindigul,Vellore,0.315
Correlation,Erode,Madurai,0.4216
Correlation,Erode,Nagercoil,0.3173
Correlation,Erode,Salem,0.3603
Correlation,Erode,Thanjavur,0.4592
Correlation,Erode,Thoothukkudi,0.3295
Correlation,Erode,Tiruchirappalli,0.4798
Correlation,Erode,Tirunelveli,0.3434
Correlation,Erode,Vellore,0.4345
Correlation,Madurai,Thanjavur,0.4573
Correlation,Madurai,Thoothukkudi,0.4592
Correlation,Madurai,Tiruchirappalli,0.489
Correlation,Madurai,Tirunelveli,0.4491
Correlation,Nagercoil,Thanjavur,0.3989
Correlation,Nagercoil,Thoothukkudi,0.4085
Correlation,Nagercoil,Tiruchirappalli,0.4976
Correlation,Nagercoil,Tirunelveli,0.4975
Correlation,Nagercoil,Vellore,0.4457
Correlation,Thanjavur,Thoothukkudi,0.4308
Correlation,Thanjavur,Tiruchirappalli,0.8148
Correlation,Thanjavur,Tirunelveli,0.398
Correlation,Thanjavur,Vellore,0.6082
Correlation,Thoothukkudi,Tiruchirappalli,0.4713
Correlation,Thoothukkudi,Tirunelveli,0.6424
Correlation,Tiruchirappalli,Tirunelveli,0.453
Correlation,Tiruchirappalli,Vellore,0.6422
Correlation,Tirunelveli,Vellore,0.3166
Hybrid,Chennai,Thanjavur,0.237
Hybrid,Chennai,Tiruchirappalli,0.1644
Hybrid,Chennai,Vellore,0.5073
Hybrid,Coimbatore,Erode,0.6363
Hybrid,Coimbatore,Madurai,0.4023
Hybrid,Dindigul,Erode,0.4199
Hybrid,Dindigul,Madurai,0.4665
Hybrid,Dindigul,Salem,0.4528
Hybrid,Dindigul,Thanjavur,0.3395
Hybrid,Dindigul,Thoothukkudi,0.3737
Hybrid,Dindigul,Tiruchirappalli,0.3673
Hybrid,Dindigul,Tirunelveli,0.4138
Hybrid,Erode,Salem,0.4355
Hybrid,Erode,Tiruchirappalli,0.5224
Hybrid,Erode,Vellore,0.3355
Hybrid,Madurai,Thanjavur,0.4713
Hybrid,Madurai,Thoothukkudi,0.4942
Hybrid,Madurai,Tiruchirappalli,0.5419
Hybrid,Madurai,Tirunelveli,0.4705
Hybrid,Nagercoil,Thoothukkudi,0.4654
Hybrid,Nagercoil,Tirunelveli,0.5944
Hybrid,Thanjavur,Tiruchirappalli,0.9958
Hybrid,Thanjavur,Vellore,0.4626
Hybrid,Thoothukkudi,Tirunelveli,0.7884
