pair,distance_km,corr
Chennai-Coimbatore,427.4,0.2316
Chennai-Dindigul,392.7,0.2429
Chennai-Erode,338.4,0.287
Chennai-Madurai,422.1,0.2841
Chennai-Nagercoil,627.3,0.1223
Chennai-Salem,279.5,0.2095
Chennai-Thanjavur,283.5,0.386
Chennai-Thoothukkudi,533.8,0.2157
Chennai-Tiruchirappalli,306.6,0.302
Chennai-Tirunelveli,557.9,0.1721
Chennai-Vellore,124.7,0.4668
Coimbatore-Dindigul,132.5,0.2964
Coimbatore-Erode,90.5,0.5313
Coimbatore-Madurai,175.9,0.4239
Coimbatore-Nagercoil,320.1,0.6283
Coimbatore-Salem,148.4,0.1238
Coimbatore-Thanjavur,239.6,0.5108
Coimbatore-Thoothukkudi,281.8,0.4038
Coimbatore-Tiruchirappalli,192.6,0.5778
Coimbatore-Tirunelveli,270.7,0.4685
Coimbatore-Vellore,317.3,0.4944
Dindigul-Erode,112.2,0.3764
Dindigul-Madurai,51.4,0.3831
Dindigul-Nagercoil,250.0,0.2547
Dindigul-Salem,146.0,0.4364
Dindigul-Thanjavur,136.2,0.3207
Dindigul-Thoothukkudi,178.7,0.3972
Dindigul-Tiruchirappalli,93.4,0.3183
Dindigul-Tirunelveli,184.8,0.4414
Dindigul-Vellore,310.9,0.315
Erode-Madurai,163.5,0.4216
Erode-Nagercoil,353.1,0.3173
Erode-Salem,59.0,0.3603
Erode-Thanjavur,166.8,0.4592
Erode-Thoothukkudi,290.2,0.3295
Erode-Tiruchirappalli,123.9,0.4798
Erode-Tirunelveli,292.2,0.3434
Erode-Vellore,233.2,0.4345
Madurai-Nagercoil,208.4,0.2531
Madurai-Salem,193.4,0.2852
Madurai-Thanjavur,146.9,0.4573
Madurai-Thoothukkudi,129.1,0.4592
Madurai-Tiruchirappalli,115.5,0.489
Madurai-Tirunelveli,140.5,0.4491
Madurai-Vellore,350.4,0.2882
Nagercoil-Salem,395.5,0.0769
Nagercoil-Thanjavur,345.1,0.3989
Nagercoil-Thoothukkudi,101.0,0.4085
Nagercoil-Tiruchirappalli,322.2,0.4976
Nagercoil-Tirunelveli,69.4,0.4975
Nagercoil-Vellore,558.7,0.4457
Salem-Thanjavur,145.7,0.1447
Salem-Thoothukkudi,322.5,0.1959
Salem-Tiruchirappalli,114.7,0.1376
Salem-Tirunelveli,330.8,0.1954
Salem-Vellore,175.7,0.2536
Thanjavur-Thoothukkudi,250.3,0.4308
Thanjavur-Tiruchirappalli,47.3,0.8148
Thanjavur-Tirunelveli,275.8,0.398
Thanjavur-Vellore,236.8,0.6082
Thoothukkudi-Tiruchirappalli,233.8,0.4713
Thoothukkudi-Tirunelveli,41.9,0.6424
Thoothukkudi-Vellore,474.4,0.2786
Tiruchirappalli-Tirunelveli,253.2,0.453
Tiruchirappalli-Vellore,240.9,0.6422
Tirunelveli-Vellore,490.9,0.3166
