target,source,lag_h,r
Chennai,Coimbatore,0,0.2316
Chennai,Coimbatore,1,0.2179
Chennai,Coimbatore,3,0.1745
Chennai,Coimbatore,6,0.1008
Chennai,Coimbatore,12,0.0125
Chennai,Coimbatore,24,0.2043
Chennai,Dindigul,0,0.2429
Chennai,Dindigul,1,0.2048
Chennai,Dindigul,3,0.1025
Chennai,Dindigul,6,-0.0297
Chennai,Dindigul,12,-0.0735
Chennai,Dindigul,24,0.226
Chennai,Erode,0,0.287
Chennai,Erode,1,0.253
Chennai,Erode,3,0.1772
Chennai,Erode,6,0.0826
Chennai,Erode,12,0.0604
Chennai,Erode,24,0.249
Chennai,Madurai,0,0.2841
Chennai,Madurai,1,0.2534
Chennai,Madurai,3,0.1736
Chennai,Madurai,6,0.0468
Chennai,Madurai,12,-0.0702
Chennai,Madurai,24,0.2593
Chennai,Nagercoil,0,0.1223
Chennai,Nagercoil,1,0.123
Chennai,Nagercoil,3,0.0878
Chennai,Nagercoil,6,-0.0084
Chennai,Nagercoil,12,-0.1492
Chennai,Nagercoil,24,0.0916
Chennai,Salem,0,0.2095
Chennai,Salem,1,0.1397
Chennai,Salem,3,0.0009
Chennai,Salem,6,-0.1351
Chennai,Salem,12,-0.0561
Chennai,Salem,24,0.1961
Chennai,Thanjavur,0,0.386
Chennai,Thanjavur,1,0.365
Chennai,Thanjavur,3,0.3034
Chennai,Thanjavur,6,0.2015
Chennai,Thanjavur,12,0.0723
Chennai,Thanjavur,24,0.3302
Chennai,Thoothukkudi,0,0.2157
Chennai,Thoothukkudi,1,0.2025
Chennai,Thoothukkudi,3,0.1373
Chennai,Thoothukkudi,6,0.0139
Chennai,Thoothukkudi,12,-0.0735
Chennai,Thoothukkudi,24,0.1983
Chennai,Tiruchirappalli,0,0.302
Chennai,Tiruchirappalli,1,0.2809
Chennai,Tiruchirappalli,3,0.2227
Chennai,Tiruchirappalli,6,0.1334
Chennai,Tiruchirappalli,12,0.0338
Chennai,Tiruchirappalli,24,0.2615
Chennai,Tirunelveli,0,0.1721
Chennai,Tirunelveli,1,0.1501
Chennai,Tirunelveli,3,0.0866
Chennai,Tirunelveli,6,-0.0188
Chennai,Tirunelveli,12,-0.1506
Chennai,Tirunelveli,24,0.1536
Chennai,Vellore,0,0.4668
Chennai,Vellore,1,0.4327
Chennai,Vellore,3,0.3266
Chennai,Vellore,6,0.1655
Chennai,Vellore,12,0.0308
Chennai,Vellore,24,0.3758
Coimbatore,Chennai,0,0.2316
Coimbatore,Chennai,1,0.232
Coimbatore,Chennai,3,0.2035
Coimbatore,Chennai,6,0.1181
Coimbatore,Chennai,12,0.0356
Coimbatore,Chennai,24,0.2365
Coimbatore,Dindigul,0,0.2964
Coimbatore,Dindigul,1,0.2799
Coimbatore,Dindigul,3,0.1899
Coimbatore,Dindigul,6,0.0274
Coimbatore,Dindigul,12,-0.1125
Coimbatore,Dindigul,24,0.2804
Coimbatore,Erode,0,0.5313
Coimbatore,Erode,1,0.4912
Coimbatore,Erode,3,0.3999
Coimbatore,Erode,6,0.2819
Coimbatore,Erode,12,0.2715
Coimbatore,Erode,24,0.487
Coimbatore,Madurai,0,0.4239
Coimbatore,Madurai,1,0.3984
Coimbatore,Madurai,3,0.3137
Coimbatore,Madurai,6,0.1785
Coimbatore,Madurai,12,0.099
Coimbatore,Madurai,24,0.3666
Coimbatore,Nagercoil,0,0.6283
Coimbatore,Nagercoil,1,0.6348
Coimbatore,Nagercoil,3,0.6012
Coimbatore,Nagercoil,6,0.4887
Coimbatore,Nagercoil,12,0.3293
Coimbatore,Nagercoil,24,0.5743
Coimbatore,Salem,0,0.1238
Coimbatore,Salem,1,0.1012
Coimbatore,Salem,3,0.0345
Coimbatore,Salem,6,-0.0614
Coimbatore,Salem,12,-0.0874
Coimbatore,Salem,24,0.1119
Coimbatore,Thanjavur,0,0.5108
Coimbatore,Thanjavur,1,0.5025
Coimbatore,Thanjavur,3,0.4704
Coimbatore,Thanjavur,6,0.4028
Coimbatore,Thanjavur,12,0.3066
Coimbatore,Thanjavur,24,0.4774
Coimbatore,Thoothukkudi,0,0.4038
Coimbatore,Thoothukkudi,1,0.3948
Coimbatore,Thoothukkudi,3,0.3457
Coimbatore,Thoothukkudi,6,0.2296
Coimbatore,Thoothukkudi,12,0.1398
Coimbatore,Thoothukkudi,24,0.3833
Coimbatore,Tiruchirappalli,0,0.5778
Coimbatore,Tiruchirappalli,1,0.5727
Coimbatore,Tiruchirappalli,3,0.5411
Coimbatore,Tiruchirappalli,6,0.4791
Coimbatore,Tiruchirappalli,12,0.3983
Coimbatore,Tiruchirappalli,24,0.5387
Coimbatore,Tirunelveli,0,0.4685
Coimbatore,Tirunelveli,1,0.4587
Coimbatore,Tirunelveli,3,0.388
Coimbatore,Tirunelveli,6,0.2249
Coimbatore,Tirunelveli,12,0.0502
Coimbatore,Tirunelveli,24,0.4411
Coimbatore,Vellore,0,0.4944
Coimbatore,Vellore,1,0.4961
Coimbatore,Vellore,3,0.4811
Coimbatore,Vellore,6,0.4119
Coimbatore,Vellore,12,0.3071
Coimbatore,Vellore,24,0.4842
Dindigul,Chennai,0,0.2429
Dindigul,Chennai,1,0.2634
Dindigul,Chennai,3,0.2607
Dindigul,Chennai,6,0.1613
Dindigul,Chennai,12,-0.0805
Dindigul,Chennai,24,0.2254
Dindigul,Coimbatore,0,0.2964
Dindigul,Coimbatore,1,0.2871
Dindigul,Coimbatore,3,0.2243
Dindigul,Coimbatore,6,0.0771
Dindigul,Coimbatore,12,-0.1084
Dindigul,Coimbatore,24,0.2718
Dindigul,Erode,0,0.3764
Dindigul,Erode,1,0.3303
Dindigul,Erode,3,0.1945
Dindigul,Erode,6,-0.0041
Dindigul,Erode,12,-0.1013
Dindigul,Erode,24,0.3267
Dindigul,Madurai,0,0.3831
Dindigul,Madurai,1,0.3665
Dindigul,Madurai,3,0.2778
Dindigul,Madurai,6,0.0936
Dindigul,Madurai,12,-0.1119
Dindigul,Madurai,24,0.3302
Dindigul,Nagercoil,0,0.2547
Dindigul,Nagercoil,1,0.2822
Dindigul,Nagercoil,3,0.2778
Dindigul,Nagercoil,6,0.1582
Dindigul,Nagercoil,12,-0.1061
Dindigul,Nagercoil,24,0.2345
Dindigul,Salem,0,0.4364
Dindigul,Salem,1,0.3965
Dindigul,Salem,3,0.2481
Dindigul,Salem,6,-0.0024
Dindigul,Salem,12,-0.1839
Dindigul,Salem,24,0.3694
Dindigul,Thanjavur,0,0.3207
Dindigul,Thanjavur,1,0.3382
Dindigul,Thanjavur,3,0.33
Dindigul,Thanjavur,6,0.2269
Dindigul,Thanjavur,12,-0.0006
Dindigul,Thanjavur,24,0.2848
Dindigul,Thoothukkudi,0,0.3972
Dindigul,Thoothukkudi,1,0.4016
Dindigul,Thoothukkudi,3,0.3545
Dindigul,Thoothukkudi,6,0.2
Dindigul,Thoothukkudi,12,-0.0146
Dindigul,Thoothukkudi,24,0.3587
Dindigul,Tiruchirappalli,0,0.3183
Dindigul,Tiruchirappalli,1,0.3429
Dindigul,Tiruchirappalli,3,0.3298
Dindigul,Tiruchirappalli,6,0.2149
Dindigul,Tiruchirappalli,12,-0.0063
Dindigul,Tiruchirappalli,24,0.2801
Dindigul,Tirunelveli,0,0.4414
Dindigul,Tirunelveli,1,0.4558
Dindigul,Tirunelveli,3,0.4095
Dindigul,Tirunelveli,6,0.2215
Dindigul,Tirunelveli,12,-0.1463
Dindigul,Tirunelveli,24,0.4031
Dindigul,Vellore,0,0.315
Dindigul,Vellore,1,0.3415
Dindigul,Vellore,3,0.3332
Dindigul,Vellore,6,0.2062
Dindigul,Vellore,12,-0.0824
Dindigul,Vellore,24,0.2895
Erode,Chennai,0,0.287
Erode,Chennai,1,0.308
Erode,Chennai,3,0.3306
Erode,Chennai,6,0.2931
Erode,Chennai,12,0.0865
Erode,Chennai,24,0.2724
Erode,Coimbatore,0,0.5313
Erode,Coimbatore,1,0.5573
Erode,Coimbatore,3,0.5661
Erode,Coimbatore,6,0.4982
Erode,Coimbatore,12,0.2757
Erode,Coimbatore,24,0.4666
Erode,Dindigul,0,0.3764
Erode,Dindigul,1,0.3931
Erode,Dindigul,3,0.3585
Erode,Dindigul,6,0.2202
Erode,Dindigul,12,-0.0946
Erode,Dindigul,24,0.3216
Erode,Madurai,0,0.4216
Erode,Madurai,1,0.4377
Erode,Madurai,3,0.4137
Erode,Madurai,6,0.3048
Erode,Madurai,12,0.0321
Erode,Madurai,24,0.3389
Erode,Nagercoil,0,0.3173
Erode,Nagercoil,1,0.3513
Erode,Nagercoil,3,0.4008
Erode,Nagercoil,6,0.4062
Erode,Nagercoil,12,0.1928
Erode,Nagercoil,24,0.2833
Erode,Salem,0,0.3603
Erode,Salem,1,0.337
Erode,Salem,3,0.2393
Erode,Salem,6,0.0769
Erode,Salem,12,-0.1069
Erode,Salem,24,0.2717
Erode,Thanjavur,0,0.4592
Erode,Thanjavur,1,0.4683
Erode,Thanjavur,3,0.4604
Erode,Thanjavur,6,0.3908
Erode,Thanjavur,12,0.2216
Erode,Thanjavur,24,0.4113
Erode,Thoothukkudi,0,0.3295
Erode,Thoothukkudi,1,0.3494
Erode,Thoothukkudi,3,0.3661
Erode,Thoothukkudi,6,0.3071
Erode,Thoothukkudi,12,0.058
Erode,Thoothukkudi,24,0.3142
Erode,Tiruchirappalli,0,0.4798
Erode,Tiruchirappalli,1,0.4875
Erode,Tiruchirappalli,3,0.4823
Erode,Tiruchirappalli,6,0.4255
Erode,Tiruchirappalli,12,0.2644
Erode,Tiruchirappalli,24,0.4318
Erode,Tirunelveli,0,0.3434
Erode,Tirunelveli,1,0.3832
Erode,Tirunelveli,3,0.4299
Erode,Tirunelveli,6,0.3665
Erode,Tirunelveli,12,0.0276
Erode,Tirunelveli,24,0.3077
Erode,Vellore,0,0.4345
Erode,Vellore,1,0.4487
Erode,Vellore,3,0.4538
Erode,Vellore,6,0.3954
Erode,Vellore,12,0.2553
Erode,Vellore,24,0.4069
Madurai,Chennai,0,0.2841
Madurai,Chennai,1,0.2916
Madurai,Chennai,3,0.2793
Madurai,Chennai,6,0.1676
Madurai,Chennai,12,-0.0481
Madurai,Chennai,24,0.269
Madurai,Coimbatore,0,0.4239
Madurai,Coimbatore,1,0.425
Madurai,Coimbatore,3,0.3867
Madurai,Coimbatore,6,0.2747
Madurai,Coimbatore,12,0.1081
Madurai,Coimbatore,24,0.3594
Madurai,Dindigul,0,0.3831
Madurai,Dindigul,1,0.3543
Madurai,Dindigul,3,0.2556
Madurai,Dindigul,6,0.0686
Madurai,Dindigul,12,-0.1034
Madurai,Dindigul,24,0.3226
Madurai,Erode,0,0.4216
Madurai,Erode,1,0.3724
Madurai,Erode,3,0.2625
Madurai,Erode,6,0.1172
Madurai,Erode,12,0.0455
Madurai,Erode,24,0.3449
Madurai,Nagercoil,0,0.2531
Madurai,Nagercoil,1,0.2728
Madurai,Nagercoil,3,0.2734
Madurai,Nagercoil,6,0.1831
Madurai,Nagercoil,12,-0.0368
Madurai,Nagercoil,24,0.2196
Madurai,Salem,0,0.2852
Madurai,Salem,1,0.2415
Madurai,Salem,3,0.1306
Madurai,Salem,6,-0.0311
Madurai,Salem,12,-0.1055
Madurai,Salem,24,0.247
Madurai,Thanjavur,0,0.4573
Madurai,Thanjavur,1,0.4434
Madurai,Thanjavur,3,0.3822
Madurai,Thanjavur,6,0.2735
Madurai,Thanjavur,12,0.1264
Madurai,Thanjavur,24,0.3848
Madurai,Thoothukkudi,0,0.4592
Madurai,Thoothukkudi,1,0.4598
Madurai,Thoothukkudi,3,0.421
Madurai,Thoothukkudi,6,0.2687
Madurai,Thoothukkudi,12,0.0351
Madurai,Thoothukkudi,24,0.4067
Madurai,Tiruchirappalli,0,0.489
Madurai,Tiruchirappalli,1,0.4635
Madurai,Tiruchirappalli,3,0.3897
Madurai,Tiruchirappalli,6,0.2713
Madurai,Tiruchirappalli,12,0.138
Madurai,Tiruchirappalli,24,0.394
Madurai,Tirunelveli,0,0.4491
Madurai,Tirunelveli,1,0.4612
Madurai,Tirunelveli,3,0.4296
Madurai,Tirunelveli,6,0.2594
Madurai,Tirunelveli,12,-0.0353
Madurai,Tirunelveli,24,0.3973
Madurai,Vellore,0,0.2882
Madurai,Vellore,1,0.2846
Madurai,Vellore,3,0.2562
Madurai,Vellore,6,0.1653
Madurai,Vellore,12,-0.0069
Madurai,Vellore,24,0.2639
Nagercoil,Chennai,0,0.1223
Nagercoil,Chennai,1,0.105
Nagercoil,Chennai,3,0.0358
Nagercoil,Chennai,6,-0.0773
Nagercoil,Chennai,12,-0.1185
Nagercoil,Chennai,24,0.146
Nagercoil,Coimbatore,0,0.6283
Nagercoil,Coimbatore,1,0.6021
Nagercoil,Coimbatore,3,0.5237
Nagercoil,Coimbatore,6,0.4095
Nagercoil,Coimbatore,12,0.3431
Nagercoil,Coimbatore,24,0.5915
Nagercoil,Dindigul,0,0.2547
Nagercoil,Dindigul,1,0.2102
Nagercoil,Dindigul,3,0.0945
Nagercoil,Dindigul,6,-0.0685
Nagercoil,Dindigul,12,-0.0966
Nagercoil,Dindigul,24,0.2464
Nagercoil,Erode,0,0.3173
Nagercoil,Erode,1,0.2765
Nagercoil,Erode,3,0.194
Nagercoil,Erode,6,0.1142
Nagercoil,Erode,12,0.1983
Nagercoil,Erode,24,0.3111
Nagercoil,Madurai,0,0.2531
Nagercoil,Madurai,1,0.216
Nagercoil,Madurai,3,0.1154
Nagercoil,Madurai,6,-0.0091
Nagercoil,Madurai,12,-0.0348
Nagercoil,Madurai,24,0.236
Nagercoil,Salem,0,0.0769
Nagercoil,Salem,1,0.0347
Nagercoil,Salem,3,-0.0604
Nagercoil,Salem,6,-0.1665
Nagercoil,Salem,12,-0.0816
Nagercoil,Salem,24,0.0709
Nagercoil,Thanjavur,0,0.3989
Nagercoil,Thanjavur,1,0.3861
Nagercoil,Thanjavur,3,0.3394
Nagercoil,Thanjavur,6,0.2596
Nagercoil,Thanjavur,12,0.192
Nagercoil,Thanjavur,24,0.3909
Nagercoil,Thoothukkudi,0,0.4085
Nagercoil,Thoothukkudi,1,0.3789
Nagercoil,Thoothukkudi,3,0.2856
Nagercoil,Thoothukkudi,6,0.1478
Nagercoil,Thoothukkudi,12,0.1388
Nagercoil,Thoothukkudi,24,0.3896
Nagercoil,Tiruchirappalli,0,0.4976
Nagercoil,Tiruchirappalli,1,0.4834
Nagercoil,Tiruchirappalli,3,0.4375
Nagercoil,Tiruchirappalli,6,0.3616
Nagercoil,Tiruchirappalli,12,0.2985
Nagercoil,Tiruchirappalli,24,0.4787
Nagercoil,Tirunelveli,0,0.4975
Nagercoil,Tirunelveli,1,0.4617
Nagercoil,Tirunelveli,3,0.3484
Nagercoil,Tirunelveli,6,0.1765
Nagercoil,Tirunelveli,12,0.0634
Nagercoil,Tirunelveli,24,0.4649
Nagercoil,Vellore,0,0.4457
Nagercoil,Vellore,1,0.4362
Nagercoil,Vellore,3,0.3896
Nagercoil,Vellore,6,0.2958
Nagercoil,Vellore,12,0.2096
Nagercoil,Vellore,24,0.45
Salem,Chennai,0,0.2095
Salem,Chennai,1,0.2619
Salem,Chennai,3,0.3151
Salem,Chennai,6,0.2732
Salem,Chennai,12,-0.0459
Salem,Chennai,24,0.2017
Salem,Coimbatore,0,0.1238
Salem,Coimbatore,1,0.1325
Salem,Coimbatore,3,0.1202
Salem,Coimbatore,6,0.0632
Salem,Coimbatore,12,-0.0911
Salem,Coimbatore,24,0.0954
Salem,Dindigul,0,0.4364
Salem,Dindigul,1,0.4403
Salem,Dindigul,3,0.3617
Salem,Dindigul,6,0.1699
Salem,Dindigul,12,-0.1799
Salem,Dindigul,24,0.3758
Salem,Erode,0,0.3603
Salem,Erode,1,0.3379
Salem,Erode,3,0.2283
Salem,Erode,6,0.0546
Salem,Erode,12,-0.1009
Salem,Erode,24,0.2864
Salem,Madurai,0,0.2852
Salem,Madurai,1,0.3065
Salem,Madurai,3,0.2956
Salem,Madurai,6,0.1832
Salem,Madurai,12,-0.099
Salem,Madurai,24,0.256
Salem,Nagercoil,0,0.0769
Salem,Nagercoil,1,0.109
Salem,Nagercoil,3,0.1461
Salem,Nagercoil,6,0.1286
Salem,Nagercoil,12,-0.0955
Salem,Nagercoil,24,0.0527
Salem,Thanjavur,0,0.1447
Salem,Thanjavur,1,0.1801
Salem,Thanjavur,3,0.1988
Salem,Thanjavur,6,0.1335
Salem,Thanjavur,12,-0.0971
Salem,Thanjavur,24,0.1306
Salem,Thoothukkudi,0,0.1959
Salem,Thoothukkudi,1,0.2127
Salem,Thoothukkudi,3,0.2082
Salem,Thoothukkudi,6,0.135
Salem,Thoothukkudi,12,-0.0831
Salem,Thoothukkudi,24,0.1941
Salem,Tiruchirappalli,0,0.1376
Salem,Tiruchirappalli,1,0.169
Salem,Tiruchirappalli,3,0.1733
Salem,Tiruchirappalli,6,0.0901
Salem,Tiruchirappalli,12,-0.1209
Salem,Tiruchirappalli,24,0.114
Salem,Tirunelveli,0,0.1954
Salem,Tirunelveli,1,0.217
Salem,Tirunelveli,3,0.2195
Salem,Tirunelveli,6,0.1496
Salem,Tirunelveli,12,-0.1395
Salem,Tirunelveli,24,0.1812
Salem,Vellore,0,0.2536
Salem,Vellore,1,0.307
Salem,Vellore,3,0.3401
Salem,Vellore,6,0.2247
Salem,Vellore,12,-0.1257
Salem,Vellore,24,0.2204
Thanjavur,Chennai,0,0.386
Thanjavur,Chennai,1,0.3896
Thanjavur,Chennai,3,0.3678
Thanjavur,Chennai,6,0.2744
Thanjavur,Chennai,12,0.0883
Thanjavur,Chennai,24,0.3536
Thanjavur,Coimbatore,0,0.5108
Thanjavur,Coimbatore,1,0.5044
Thanjavur,Coimbatore,3,0.4732
Thanjavur,Coimbatore,6,0.3995
Thanjavur,Coimbatore,12,0.3104
Thanjavur,Coimbatore,24,0.4735
Thanjavur,Dindigul,0,0.3207
Thanjavur,Dindigul,1,0.2821
Thanjavur,Dindigul,3,0.1839
Thanjavur,Dindigul,6,0.0475
Thanjavur,Dindigul,12,-0.0053
Thanjavur,Dindigul,24,0.2819
Thanjavur,Erode,0,0.4592
Thanjavur,Erode,1,0.432
Thanjavur,Erode,3,0.3478
Thanjavur,Erode,6,0.2342
Thanjavur,Erode,12,0.2247
Thanjavur,Erode,24,0.4119
Thanjavur,Madurai,0,0.4573
Thanjavur,Madurai,1,0.4546
Thanjavur,Madurai,3,0.3964
Thanjavur,Madurai,6,0.2595
Thanjavur,Madurai,12,0.1344
Thanjavur,Madurai,24,0.405
Thanjavur,Nagercoil,0,0.3989
Thanjavur,Nagercoil,1,0.3993
Thanjavur,Nagercoil,3,0.381
Thanjavur,Nagercoil,6,0.3138
Thanjavur,Nagercoil,12,0.1748
Thanjavur,Nagercoil,24,0.3523
Thanjavur,Salem,0,0.1447
Thanjavur,Salem,1,0.0916
Thanjavur,Salem,3,-0.028
Thanjavur,Salem,6,-0.1571
Thanjavur,Salem,12,-0.1079
Thanjavur,Salem,24,0.1217
Thanjavur,Thoothukkudi,0,0.4308
Thanjavur,Thoothukkudi,1,0.4276
Thanjavur,Thoothukkudi,3,0.4091
Thanjavur,Thoothukkudi,6,0.3367
Thanjavur,Thoothukkudi,12,0.2175
Thanjavur,Thoothukkudi,24,0.3894
Thanjavur,Tiruchirappalli,0,0.8148
Thanjavur,Tiruchirappalli,1,0.797
Thanjavur,Tiruchirappalli,3,0.6931
Thanjavur,Tiruchirappalli,6,0.5391
Thanjavur,Tiruchirappalli,12,0.4191
Thanjavur,Tiruchirappalli,24,0.6594
Thanjavur,Tirunelveli,0,0.398
Thanjavur,Tirunelveli,1,0.3977
Thanjavur,Tirunelveli,3,0.3547
Thanjavur,Tirunelveli,6,0.228
Thanjavur,Tirunelveli,12,0.1137
Thanjavur,Tirunelveli,24,0.3629
Thanjavur,Vellore,0,0.6082
Thanjavur,Vellore,1,0.5864
Thanjavur,Vellore,3,0.5083
Thanjavur,Vellore,6,0.3556
Thanjavur,Vellore,12,0.2246
Thanjavur,Vellore,24,0.538
Thoothukkudi,Chennai,0,0.2157
Thoothukkudi,Chennai,1,0.2097
Thoothukkudi,Chennai,3,0.1625
Thoothukkudi,Chennai,6,0.0656
Thoothukkudi,Chennai,12,-0.0698
Thoothukkudi,Chennai,24,0.2126
Thoothukkudi,Coimbatore,0,0.4038
Thoothukkudi,Coimbatore,1,0.3995
Thoothukkudi,Coimbatore,3,0.3597
Thoothukkudi,Coimbatore,6,0.271
Thoothukkudi,Coimbatore,12,0.1491
Thoothukkudi,Coimbatore,24,0.3881
Thoothukkudi,Dindigul,0,0.3972
Thoothukkudi,Dindigul,1,0.3724
Thoothukkudi,Dindigul,3,0.2889
Thoothukkudi,Dindigul,6,0.1244
Thoothukkudi,Dindigul,12,-0.0203
Thoothukkudi,Dindigul,24,0.3508
Thoothukkudi,Erode,0,0.3295
Thoothukkudi,Erode,1,0.2953
Thoothukkudi,Erode,3,0.2088
Thoothukkudi,Erode,6,0.0988
Thoothukkudi,Erode,12,0.075
Thoothukkudi,Erode,24,0.3126
Thoothukkudi,Madurai,0,0.4592
Thoothukkudi,Madurai,1,0.4312
Thoothukkudi,Madurai,3,0.3399
Thoothukkudi,Madurai,6,0.1889
Thoothukkudi,Madurai,12,0.0442
Thoothukkudi,Madurai,24,0.4352
Thoothukkudi,Nagercoil,0,0.4085
Thoothukkudi,Nagercoil,1,0.4208
Thoothukkudi,Nagercoil,3,0.4076
Thoothukkudi,Nagercoil,6,0.3236
Thoothukkudi,Nagercoil,12,0.1367
Thoothukkudi,Nagercoil,24,0.367
Thoothukkudi,Salem,0,0.1959
Thoothukkudi,Salem,1,0.1653
Thoothukkudi,Salem,3,0.0837
Thoothukkudi,Salem,6,-0.0383
Thoothukkudi,Salem,12,-0.0907
Thoothukkudi,Salem,24,0.1873
Thoothukkudi,Thanjavur,0,0.4308
Thoothukkudi,Thanjavur,1,0.4251
Thoothukkudi,Thanjavur,3,0.3932
Thoothukkudi,Thanjavur,6,0.3335
Thoothukkudi,Thanjavur,12,0.2346
Thoothukkudi,Thanjavur,24,0.4007
Thoothukkudi,Tiruchirappalli,0,0.4713
Thoothukkudi,Tiruchirappalli,1,0.462
Thoothukkudi,Tiruchirappalli,3,0.4254
Thoothukkudi,Tiruchirappalli,6,0.3506
Thoothukkudi,Tiruchirappalli,12,0.257
Thoothukkudi,Tiruchirappalli,24,0.4426
Thoothukkudi,Tirunelveli,0,0.6424
Thoothukkudi,Tirunelveli,1,0.6303
Thoothukkudi,Tirunelveli,3,0.5513
Thoothukkudi,Tirunelveli,6,0.3721
Thoothukkudi,Tirunelveli,12,0.0831
Thoothukkudi,Tirunelveli,24,0.5244
Thoothukkudi,Vellore,0,0.2786
Thoothukkudi,Vellore,1,0.2794
Thoothukkudi,Vellore,3,0.2576
Thoothukkudi,Vellore,6,0.1959
Thoothukkudi,Vellore,12,0.1072
Thoothukkudi,Vellore,24,0.2751
Tiruchirappalli,Chennai,0,0.302
Tiruchirappalli,Chennai,1,0.3077
Tiruchirappalli,Chennai,3,0.2973
Tiruchirappalli,Chennai,6,0.2211
Tiruchirappalli,Chennai,12,0.0566
Tiruchirappalli,Chennai,24,0.2873
Tiruchirappalli,Coimbatore,0,0.5778
Tiruchirappalli,Coimbatore,1,0.5715
Tiruchirappalli,Coimbatore,3,0.5429
Tiruchirappalli,Coimbatore,6,0.4778
Tiruchirappalli,Coimbatore,12,0.4135
Tiruchirappalli,Coimbatore,24,0.5456
Tiruchirappalli,Dindigul,0,0.3183
Tiruchirappalli,Dindigul,1,0.2797
Tiruchirappalli,Dindigul,3,0.1799
Tiruchirappalli,Dindigul,6,0.0472
Tiruchirappalli,Dindigul,12,-0.0062
Tiruchirappalli,Dindigul,24,0.2715
Tiruchirappalli,Erode,0,0.4798
Tiruchirappalli,Erode,1,0.4498
Tiruchirappalli,Erode,3,0.3745
Tiruchirappalli,Erode,6,0.2798
Tiruchirappalli,Erode,12,0.2814
Tiruchirappalli,Erode,24,0.4352
Tiruchirappalli,Madurai,0,0.489
Tiruchirappalli,Madurai,1,0.4871
Tiruchirappalli,Madurai,3,0.4218
Tiruchirappalli,Madurai,6,0.285
Tiruchirappalli,Madurai,12,0.1467
Tiruchirappalli,Madurai,24,0.4158
Tiruchirappalli,Nagercoil,0,0.4976
Tiruchirappalli,Nagercoil,1,0.4987
Tiruchirappalli,Nagercoil,3,0.4807
Tiruchirappalli,Nagercoil,6,0.4156
Tiruchirappalli,Nagercoil,12,0.2906
Tiruchirappalli,Nagercoil,24,0.4534
Tiruchirappalli,Salem,0,0.1376
Tiruchirappalli,Salem,1,0.0901
Tiruchirappalli,Salem,3,-0.0045
Tiruchirappalli,Salem,6,-0.1244
Tiruchirappalli,Salem,12,-0.1195
Tiruchirappalli,Salem,24,0.1225
Tiruchirappalli,Thanjavur,0,0.8148
Tiruchirappalli,Thanjavur,1,0.7912
Tiruchirappalli,Thanjavur,3,0.6878
Tiruchirappalli,Thanjavur,6,0.5487
Tiruchirappalli,Thanjavur,12,0.422
Tiruchirappalli,Thanjavur,24,0.6555
Tiruchirappalli,Thoothukkudi,0,0.4713
Tiruchirappalli,Thoothukkudi,1,0.4706
Tiruchirappalli,Thoothukkudi,3,0.4528
Tiruchirappalli,Thoothukkudi,6,0.3793
Tiruchirappalli,Thoothukkudi,12,0.2361
Tiruchirappalli,Thoothukkudi,24,0.4217
Tiruchirappalli,Tirunelveli,0,0.453
Tiruchirappalli,Tirunelveli,1,0.4543
Tiruchirappalli,Tirunelveli,3,0.4207
Tiruchirappalli,Tirunelveli,6,0.3048
Tiruchirappalli,Tirunelveli,12,0.1686
Tiruchirappalli,Tirunelveli,24,0.4117
Tiruchirappalli,Vellore,0,0.6422
Tiruchirappalli,Vellore,1,0.6293
Tiruchirappalli,Vellore,3,0.5676
Tiruchirappalli,Vellore,6,0.4448
Tiruchirappalli,Vellore,12,0.3103
Tiruchirappalli,Vellore,24,0.5819
Tirunelveli,Chennai,0,0.1721
Tirunelveli,Chennai,1,0.181
Tirunelveli,Chennai,3,0.1415
Tirunelveli,Chennai,6,0.0043
Tirunelveli,Chennai,12,-0.1439
Tirunelveli,Chennai,24,0.168
Tirunelveli,Coimbatore,0,0.4685
Tirunelveli,Coimbatore,1,0.4546
Tirunelveli,Coimbatore,3,0.3773
Tirunelveli,Coimbatore,6,0.2165
Tirunelveli,Coimbatore,12,0.0616
Tirunelveli,Coimbatore,24,0.4503
Tirunelveli,Dindigul,0,0.4414
Tirunelveli,Dindigul,1,0.3936
Tirunelveli,Dindigul,3,0.2534
Tirunelveli,Dindigul,6,0.0216
Tirunelveli,Dindigul,12,-0.1551
Tirunelveli,Dindigul,24,0.3968
Tirunelveli,Erode,0,0.3434
Tirunelveli,Erode,1,0.2869
Tirunelveli,Erode,3,0.1596
Tirunelveli,Erode,6,0.0035
Tirunelveli,Erode,12,0.0324
Tirunelveli,Erode,24,0.3259
Tirunelveli,Madurai,0,0.4491
Tirunelveli,Madurai,1,0.4048
Tirunelveli,Madurai,3,0.2738
Tirunelveli,Madurai,6,0.0628
Tirunelveli,Madurai,12,-0.0522
Tirunelveli,Madurai,24,0.4092
Tirunelveli,Nagercoil,0,0.4975
Tirunelveli,Nagercoil,1,0.5107
Tirunelveli,Nagercoil,3,0.4741
Tirunelveli,Nagercoil,6,0.3226
Tirunelveli,Nagercoil,12,0.0771
Tirunelveli,Nagercoil,24,0.4671
Tirunelveli,Salem,0,0.1954
Tirunelveli,Salem,1,0.1616
Tirunelveli,Salem,3,0.0578
Tirunelveli,Salem,6,-0.0966
Tirunelveli,Salem,12,-0.1464
Tirunelveli,Salem,24,0.1912
Tirunelveli,Thanjavur,0,0.398
Tirunelveli,Thanjavur,1,0.3869
Tirunelveli,Thanjavur,3,0.3313
Tirunelveli,Thanjavur,6,0.2384
Tirunelveli,Thanjavur,12,0.1138
Tirunelveli,Thanjavur,24,0.3838
Tirunelveli,Thoothukkudi,0,0.6424
Tirunelveli,Thoothukkudi,1,0.6064
Tirunelveli,Thoothukkudi,3,0.4718
Tirunelveli,Thoothukkudi,6,0.2467
Tirunelveli,Thoothukkudi,12,0.076
Tirunelveli,Thoothukkudi,24,0.5368
Tirunelveli,Tiruchirappalli,0,0.453
Tirunelveli,Tiruchirappalli,1,0.4375
Tirunelveli,Tiruchirappalli,3,0.3832
Tirunelveli,Tiruchirappalli,6,0.2827
Tirunelveli,Tiruchirappalli,12,0.1733
Tirunelveli,Tiruchirappalli,24,0.4382
Tirunelveli,Vellore,0,0.3166
Tirunelveli,Vellore,1,0.3204
Tirunelveli,Vellore,3,0.2995
Tirunelveli,Vellore,6,0.2154
Tirunelveli,Vellore,12,0.0668
Tirunelveli,Vellore,24,0.318
Vellore,Chennai,0,0.4668
Vellore,Chennai,1,0.4698
Vellore,Chennai,3,0.4168
Vellore,Chennai,6,0.2816
Vellore,Chennai,12,0.0515
Vellore,Chennai,24,0.4188
Vellore,Coimbatore,0,0.4944
Vellore,Coimbatore,1,0.476
Vellore,Coimbatore,3,0.4295
Vellore,Coimbatore,6,0.3536
Vellore,Coimbatore,12,0.3148
Vellore,Coimbatore,24,0.4749
Vellore,Dindigul,0,0.315
Vellore,Dindigul,1,0.2656
Vellore,Dindigul,3,0.1543
Vellore,Dindigul,6,-0.0221
Vellore,Dindigul,12,-0.0792
Vellore,Dindigul,24,0.2825
Vellore,Erode,0,0.4345
Vellore,Erode,1,0.4018
Vellore,Erode,3,0.3296
Vellore,Erode,6,0.2461
Vellore,Erode,12,0.2641
Vellore,Erode,24,0.4036
Vellore,Madurai,0,0.2882
Vellore,Madurai,1,0.2711
Vellore,Madurai,3,0.2199
Vellore,Madurai,6,0.1092
Vellore,Madurai,12,0.0018
Vellore,Madurai,24,0.2774
Vellore,Nagercoil,0,0.4457
Vellore,Nagercoil,1,0.4398
Vellore,Nagercoil,3,0.4054
Vellore,Nagercoil,6,0.3198
Vellore,Nagercoil,12,0.1915
Vellore,Nagercoil,24,0.417
Vellore,Salem,0,0.2536
Vellore,Salem,1,0.1747
Vellore,Salem,3,0.0147
Vellore,Salem,6,-0.1615
Vellore,Salem,12,-0.1145
Vellore,Salem,24,0.2227
Vellore,Thanjavur,0,0.6082
Vellore,Thanjavur,1,0.5995
Vellore,Thanjavur,3,0.5335
Vellore,Thanjavur,6,0.385
Vellore,Thanjavur,12,0.2237
Vellore,Thanjavur,24,0.5519
Vellore,Thoothukkudi,0,0.2786
Vellore,Thoothukkudi,1,0.2631
Vellore,Thoothukkudi,3,0.2206
Vellore,Thoothukkudi,6,0.1486
Vellore,Thoothukkudi,12,0.0955
Vellore,Thoothukkudi,24,0.261
Vellore,Tiruchirappalli,0,0.6422
Vellore,Tiruchirappalli,1,0.6317
Vellore,Tiruchirappalli,3,0.5678
Vellore,Tiruchirappalli,6,0.4369
Vellore,Tiruchirappalli,12,0.3015
Vellore,Tiruchirappalli,24,0.5798
Vellore,Tirunelveli,0,0.3166
Vellore,Tirunelveli,1,0.2941
Vellore,Tirunelveli,3,0.2356
Vellore,Tirunelveli,6,0.1161
Vellore,Tirunelveli,12,0.055
Vellore,Tirunelveli,24,0.2814
