station,Chennai,Coimbatore,Dindigul,Erode,Madurai,Nagercoil,Salem,Thanjavur,Thoothukkudi,Tiruchirappalli,Tirunelveli,Vellore
Chennai,1.0,0.23159475881304895,0.2428794329327308,0.28695714569047004,0.28408926246727306,0.12227002682315447,0.20946296248069488,0.3859816800585091,0.21573491011442472,0.301990279992379,0.1720562140325165,0.46677525208868076
Coimbatore,0.23159475881304895,1.0,0.2964352943853172,0.5313425687697414,0.42390068947914833,0.6282840991994613,0.12383481895114049,0.5108437531034664,0.40384667908388056,0.5777907983192963,0.46854160183318316,0.4943649579513351
Dindigul,0.2428794329327308,0.2964352943853172,1.0,0.376368923573881,0.3830621229580712,0.2546529888160624,0.43638858294090166,0.3206564603783719,0.39720329798598475,0.31825491614506307,0.44138525951635355,0.31497839933742844
Erode,0.28695714569047004,0.5313425687697414,0.376368923573881,1.0,0.4216297405729355,0.3172862231863318,0.3602809815991239,0.45923325756704847,0.32947333886268865,0.47981562475106754,0.34335499061869557,0.43453291851245024
Madurai,0.28408926246727306,0.42390068947914833,0.3830621229580712,0.4216297405729355,1.0,0.25314426166000076,0.28522001894771,0.45727826217796175,0.4592376953358159,0.4890298272003799,0.4491435729876498,0.2881583195189895
Nagercoil,0.12227002682315447,0.6282840991994613,0.2546529888160624,0.3172862231863318,0.25314426166000076,1.0,0.07690410692937602,0.39885936168579017,0.408485322416909,0.4975866849578405,0.49752439014513733,0.44565483676395345
Salem,0.20946296248069488,0.12383481895114049,0.43638858294090166,0.3602809815991239,0.28522001894771,0.07690410692937602,1.0,0.14471556722801418,0.19589680776431265,0.13755547174600627,0.1954473704117573,0.2535898814803606
Thanjavur,0.3859816800585091,0.5108437531034664,0.3206564603783719,0.45923325756704847,0.45727826217796175,0.39885936168579017,0.14471556722801418,1.0,0.43079436265719306,0.8147825041369686,0.3980137026559994,0.6082179418585184
Thoothukkudi,0.21573491011442472,0.40384667908388056,0.39720329798598475,0.32947333886268865,0.4592376953358159,0.408485322416909,0.19589680776431265,0.43079436265719306,1.0,0.47131145389215273,0.6423691649607175,0.27855761020421305
Tiruchirappalli,0.301990279992379,0.5777907983192963,0.31825491614506307,0.47981562475106754,0.4890298272003799,0.4975866849578405,0.13755547174600627,0.8147825041369686,0.47131145389215273,1.0,0.45301793285073705,0.6421876261114581
Tirunelveli,0.1720562140325165,0.46854160183318316,0.44138525951635355,0.34335499061869557,0.4491435729876498,0.49752439014513733,0.1954473704117573,0.3980137026559994,0.6423691649607175,0.45301793285073705,1.0,0.31660893489164715
Vellore,0.46677525208868076,0.4943649579513351,0.31497839933742844,0.43453291851245024,0.2881583195189895,0.44565483676395345,0.2535898814803606,0.6082179418585184,0.27855761020421305,0.6421876261114581,0.31660893489164715,1.0
